{
    "name": "seasonality_calibration_noMassITN_AA_round1_maxInc100",
    "directory": "C:\\Users\\moniqueam\\Documents\\emodpy-snt\\examples\\monique\\calibration\\seasonality_calibration\\02_seasonality_calibration\\Calibra_results\\seasonality_calibration_noMassITN_AA_round1_maxInc100",
    "location": "CALCULON",
    "suites": [
        {
            "id": "b70611c1-cb4d-ee11-aa0a-b88303911bc1"
        }
    ],
    "iteration": 0,
    "param_names": [
        "MonthVal1",
        "MonthVal2",
        "MonthVal3",
        "MonthVal4",
        "MonthVal5",
        "MonthVal6",
        "MonthVal7",
        "MonthVal8",
        "MonthVal9",
        "MonthVal10",
        "MonthVal11",
        "MonthVal12",
        "MaxHab"
    ],
    "sites": {
        "AA": [
            "ChannelByMultiYearSeasonCohortInsetAnalyzer"
        ]
    },
    "results": {
        "sample": [
            7,
            2,
            1,
            3,
            4,
            5,
            0,
            6
        ],
        "iteration": [
            0,
            0,
            0,
            0,
            0,
            0,
            0,
            0
        ],
        "total": [
            -134.22421230502815,
            -140.5949497032943,
            -141.51931733339833,
            -141.54964207425726,
            -141.86136954546944,
            -142.07410217245865,
            -142.30265034106318,
            -143.0525415016367
        ],
        "ChannelByMultiYearSeasonCohortInsetAnalyzer": [
            -134.22421230502815,
            -140.5949497032943,
            -141.51931733339833,
            -141.54964207425726,
            -141.86136954546944,
            -142.07410217245865,
            -142.30265034106318,
            -143.0525415016367
        ],
        "MonthVal1": [
            0.014130732965460146,
            0.021315667848185588,
            0.011843033821507386,
            0.0036636394373384526,
            1e-05,
            0.006107785687358823,
            0.0075,
            0.0034319192189143713
        ],
        "MonthVal2": [
            0.013104821668013623,
            0.009557449104175737,
            0.005499869131172373,
            0.022683673140121586,
            1e-05,
            1e-05,
            0.0075,
            0.012413132283448085
        ],
        "MonthVal3": [
            0.00662159539764499,
            1e-05,
            0.008563476293924698,
            0.004699582731602024,
            0.014196882133363082,
            0.010570681884071684,
            0.0075,
            0.0025411310213483834
        ],
        "MonthVal4": [
            0.021169732467371,
            0.008719003395599952,
            0.00553231618963864,
            1e-05,
            0.010653248267096897,
            0.006189947308843295,
            0.0075,
            0.008115872034472194
        ],
        "MonthVal5": [
            0.014971515729307435,
            1e-05,
            0.02046184890812837,
            0.013870925692430362,
            0.013286093423439532,
            1e-05,
            0.0075,
            0.01772607099750678
        ],
        "MonthVal6": [
            0.01158080354395712,
            0.00905952620314578,
            0.011599582539687568,
            0.00594884630186417,
            0.006513416857959403,
            1e-05,
            0.0075,
            0.011618143704992666
        ],
        "MonthVal7": [
            0.006252916049138315,
            1e-05,
            0.021503404854317437,
            0.025671047549597186,
            0.005791478234056929,
            0.004258499108759676,
            0.0075,
            0.012765273559398558
        ],
        "MonthVal8": [
            0.016700770668530318,
            0.01670713178847843,
            0.013540809260734444,
            0.002012975413975873,
            0.02167742345014228,
            0.02310866967732772,
            0.0075,
            0.023651470354707806
        ],
        "MonthVal9": [
            0.013658340760329827,
            0.014222602964395384,
            0.011523112863728507,
            1e-05,
            0.008965966524670214,
            0.008146395803217426,
            0.0075,
            0.01298193705933625
        ],
        "MonthVal10": [
            1e-05,
            0.021472352716764825,
            1e-05,
            0.0033266117834313425,
            0.012370036256742614,
            0.01301850758864745,
            0.0075,
            0.018291797191886953
        ],
        "MonthVal11": [
            1e-05,
            0.0027220269437227395,
            0.018114420096865376,
            0.014430804027114778,
            0.014063397529045764,
            0.017084576057009068,
            0.0075,
            0.001286585682276879
        ],
        "MonthVal12": [
            1e-05,
            0.0023733745547902625,
            0.002829347364575043,
            1e-05,
            0.013394685036707411,
            0.0012054246577118,
            0.0075,
            0.011548575819604452
        ],
        "MaxHab": [
            10.600217130906124,
            10.333782844773452,
            9.754635484811688,
            9.89061611696379,
            9.791450278825376,
            9.694873217001279,
            10.0,
            9.331992139417356
        ]
    },
    "calibration_start": "2023-09-07 15:13:21"
}