Habitat_Multiplier,score
0.0251188643150957,-186.53927596010544
0.1,-173.99270893245284
0.3981071705534971,-43.328227823219095
1.5848931924611125,-36.99050230882267
6.30957344480193,-63.36162503360811
25.118864315095795,-107.3877951284203
