Habitat_Multiplier,score
0.0251188643150957,-187.96837742501248
0.1,-169.88709236992327
0.3981071705534971,-49.83678889213934
1.5848931924611125,-34.59288010625551
6.30957344480193,-68.88023543974077
25.118864315095795,-109.24930340285187
