Habitat_Multiplier,score
0.0251188643150957,-183.47705926267008
0.1,-174.5735622262191
0.3981071705534971,-46.80607847423926
1.5848931924611125,-33.31510489048787
6.30957344480193,-63.13828873477496
25.118864315095795,-106.39338101279372
