Habitat_Multiplier,score
0.0251188643150957,-184.45584172722283
0.1,-175.89478428984603
0.3981071705534971,-44.62845603284677
1.5848931924611125,-32.934052221396996
6.30957344480193,-67.5044917321784
25.118864315095795,-107.62870247898059
