Habitat_Multiplier,score
0.0251188643150957,-184.72220058141465
0.1,-177.14934300759796
0.3981071705534971,-52.487039231733434
1.5848931924611125,-33.83493750639718
6.30957344480193,-66.37750093306386
25.118864315095795,-109.31340763089884
