Habitat_Multiplier,score
0.0251188643150957,-27.033116866266937
0.1,-27.356654998702652
0.3981071705534971,-8.485222803619763
1.5848931924611125,-36.874366108000686
6.30957344480193,-70.89105429326037
25.118864315095795,-116.53092179312557
