Habitat_Multiplier,score
0.0251188643150957,-26.811226179147525
0.1,-23.857127563115682
0.3981071705534971,-9.051516152425393
1.5848931924611125,-33.65637336876125
6.30957344480193,-68.92247219646424
25.118864315095795,-116.60216094848033
