Habitat_Multiplier,score
0.0251188643150957,-26.80327572636361
0.1,-24.683700927392238
0.3981071705534971,-9.092472534654917
1.5848931924611125,-34.760006129154135
6.30957344480193,-69.47273092803562
25.118864315095795,-114.81930669831922
