Habitat_Multiplier,score
0.0251188643150957,-26.97143185031564
0.1,-22.27926965982806
0.3981071705534971,-9.316039939631992
1.5848931924611125,-34.43602847985585
6.30957344480193,-70.97168387938336
25.118864315095795,-117.13331939317959
