Habitat_Multiplier,score
0.0251188643150957,-173.55736663503012
0.1,-176.40241934866935
0.3981071705534971,-68.77171027877739
1.5848931924611125,-101.14599112571022
6.30957344480193,-123.1568561675831
25.118864315095795,-166.1208407207837
