Habitat_Multiplier,score
0.0251188643150957,-181.84368195171282
0.1,-177.04291191645098
0.3981071705534971,-65.31578731455102
1.5848931924611125,-106.3231530635635
6.30957344480193,-119.41683306074492
25.118864315095795,-164.76795794522286
