Habitat_Multiplier,score
0.0251188643150957,-178.11526268026773
0.1,-179.4486602904799
0.3981071705534971,-81.93241394747929
1.5848931924611125,-100.30025278982157
6.30957344480193,-121.18038215910656
25.118864315095795,-158.80202843669053
