Habitat_Multiplier,score
0.0251188643150957,-173.4211960238954
0.1,-174.25585497637712
0.3981071705534971,-71.7669950804875
1.5848931924611125,-102.35741991027953
6.30957344480193,-120.02040205670255
25.118864315095795,-164.0832913651684
