Habitat_Multiplier,score
0.0251188643150957,-179.41269285253657
0.1,-170.638777924878
0.3981071705534971,-71.65817539777709
1.5848931924611125,-101.40499060383036
6.30957344480193,-127.22801602148229
25.118864315095795,-167.59705648855106
