Habitat_Multiplier,score
0.0251188643150957,-159.82702309561319
0.1,-153.35259280040827
0.3981071705534971,-38.39998383076363
1.5848931924611125,-30.500651619162
6.30957344480193,-41.761525098297625
25.118864315095795,-65.48557119778889
