Habitat_Multiplier,score
0.0251188643150957,-160.3892279968004
0.1,-152.45620330340898
0.3981071705534971,-42.30347028002507
1.5848931924611125,-31.06034277200979
6.30957344480193,-38.77199487420694
25.118864315095795,-72.35240770470205
