Habitat_Multiplier,score
0.0251188643150957,-158.824883567293
0.1,-140.49395099979847
0.3981071705534971,-48.19606890857813
1.5848931924611125,-31.0333996146328
6.30957344480193,-40.852238605119965
25.118864315095795,-74.09121043983532
