Habitat_Multiplier,score
0.0251188643150957,-159.3648492153534
0.1,-145.3103088819371
0.3981071705534971,-46.02593146845811
1.5848931924611125,-30.521665855256288
6.30957344480193,-41.84082765868743
25.118864315095795,-73.8452958663022
