Habitat_Multiplier,score
0.0251188643150957,-37.47865655154237
0.1,-19.556382086146186
0.3981071705534971,-32.27834172900975
1.5848931924611125,-87.55260192051992
6.30957344480193,-114.8709116380478
25.118864315095795,-139.12566874570803
