Habitat_Multiplier,score
0.0251188643150957,-37.740776471961
0.1,-26.957675795469186
0.3981071705534971,-32.90366613324568
1.5848931924611125,-86.76201218468486
6.30957344480193,-110.48589128043955
25.118864315095795,-143.77322788173774
