Habitat_Multiplier,score
0.0251188643150957,-37.61549312922489
0.1,-22.662258710705828
0.3981071705534971,-31.908370708685197
1.5848931924611125,-86.13536325978566
6.30957344480193,-113.84904864103032
25.118864315095795,-140.3943139794585
