Habitat_Multiplier,score
0.0251188643150957,-37.393443932532136
0.1,-17.703431520160848
0.3981071705534971,-31.200901281641563
1.5848931924611125,-91.0988168915494
6.30957344480193,-109.80978507180089
25.118864315095795,-143.7966168980779
