Habitat_Multiplier,score
0.0251188643150957,-37.854650365159614
0.1,-17.13012477925531
0.3981071705534971,-31.267075636078516
1.5848931924611125,-92.85118040666566
6.30957344480193,-111.40001559250322
25.118864315095795,-139.4825035598942
