Habitat_Multiplier,score
0.0251188643150957,-281.27112982535255
0.1,-286.3678454437313
0.3981071705534971,-105.35981191875453
1.5848931924611125,-45.57337487049426
6.30957344480193,-18.012400414676904
25.118864315095795,-18.27102281646853
