Habitat_Multiplier,score
0.0251188643150957,-282.21911977322543
0.1,-276.2133589090281
0.3981071705534971,-102.97853433258479
1.5848931924611125,-45.58003104489717
6.30957344480193,-18.959367482504604
25.118864315095795,-19.511596758250334
