Habitat_Multiplier,score
0.0251188643150957,-281.90972049830543
0.1,-263.4020926127814
0.3981071705534971,-95.10420642792269
1.5848931924611125,-41.60925485965117
6.30957344480193,-19.512725089310152
25.118864315095795,-21.27106373360698
