Habitat_Multiplier,score
0.0251188643150957,-284.14381023920123
0.1,-278.36051752438016
0.3981071705534971,-96.83457853147229
1.5848931924611125,-41.78579551547318
6.30957344480193,-20.57676889388904
25.118864315095795,-20.354518158963856
