Habitat_Multiplier,score
0.0251188643150957,-238.37167746034447
0.1,-238.98699046953607
0.3981071705534971,-94.97818951717
1.5848931924611125,-27.835323731202152
6.30957344480193,-21.950878107887092
25.118864315095795,-27.00158101361876
