Habitat_Multiplier,score
0.0251188643150957,-241.21660235350555
0.1,-239.51564874452015
0.3981071705534971,-107.81302256949857
1.5848931924611125,-27.865000944892017
6.30957344480193,-21.249479208610865
25.118864315095795,-27.65672959287531
