Habitat_Multiplier,score
0.0251188643150957,-240.68022596519222
0.1,-242.73785318622504
0.3981071705534971,-95.31543600682562
1.5848931924611125,-28.752725994766934
6.30957344480193,-21.836730440016254
25.118864315095795,-26.603472634831178
