Habitat_Multiplier,score
0.0251188643150957,-239.32042679686128
0.1,-243.46205848568843
0.3981071705534971,-101.47996743267595
1.5848931924611125,-27.396464246274263
6.30957344480193,-23.202235629939878
25.118864315095795,-26.091760868950587
