Habitat_Multiplier,score
0.0251188643150957,-239.27187983447584
0.1,-241.51560358221377
0.3981071705534971,-98.89900284813211
1.5848931924611125,-25.92204077461838
6.30957344480193,-22.579970183396654
25.118864315095795,-27.564919473654754
